trial,status,error,lr,dropout,weight_decay,alpha_max,tune_epochs,val_subset_size,val_full_size,final_train_loss,val_HR@50,val_overall_HR@10,val_overall_NDCG@10,val_overall_HR@50,val_overall_NDCG@50,val_head_HR@10,val_head_NDCG@10,val_head_HR@50,val_head_NDCG@50,val_tail_HR@10,val_tail_NDCG@10,val_tail_HR@50,val_tail_NDCG@50,val_CatalogCoverage@10,val_TailCoverage@10,val_AvgPopularity@10,val_TailRatio@10,val_Personalization@10,val_CatalogCoverage@50,val_TailCoverage@50,val_AvgPopularity@50,val_TailRatio@50,val_Personalization@50
81,ok,,0.001,0.1,0.0,0.25,3,6040,6040,6.713514775656071,10.695364238410596,2.6158940397350996,1.2626873889483257,10.695364238410596,2.971891814104557,2.849462365591398,1.4242022617322172,10.833333333333334,3.1235305467450036,2.2413793103448274,1.003706644656913,10.474137931034482,2.728746949698323,96.65407447382623,95.91905564924114,5.1092105675336015,61.4751655629139,99.27842752791184,100.0,100.0,5.000600718743905,66.19503311258278,97.28463804256879
82,ok,,0.001,0.1,0.0,0.5,3,6040,6040,6.704139300896419,10.447019867549669,2.533112582781457,1.2447924285698413,10.447019867549669,2.9223193983143303,2.849462365591398,1.424566110246468,10.403225806451614,3.0298565652201734,2.025862068965517,0.956534628640077,10.517241379310345,2.7498891134480643,97.8953049109552,97.43676222596964,5.046903086474497,63.38576158940398,99.34516755877087,100.0,100.0,4.945903823811411,67.86688741721855,97.45867753641068
42,ok,,0.01,0.1,0.0,0.5,3,6040,6040,6.706902249720087,9.552980132450331,2.0860927152317883,0.9885166259116113,9.552980132450331,2.559806765436714,2.60752688172043,1.250494182369935,10.591397849462366,2.938200449026313,1.25,0.5684491646939549,7.887931034482759,1.9530720658878749,91.85105234754452,90.08431703204047,5.362691988179424,54.19205298013245,99.2518744057665,99.97301672962763,99.9662731871838,5.263375421509637,58.69006622516556,97.18112379905888
41,ok,,0.01,0.1,0.0,0.25,3,6040,6040,6.716377808345304,9.056291390728477,1.73841059602649,0.77854952577374,9.056291390728477,2.336015895871774,2.311827956989247,1.052069960012409,10.241935483870968,2.752453768778794,0.8189655172413793,0.3399736570807012,7.155172413793104,1.668279306555345,91.04155423637344,88.97133220910624,5.309816604382784,54.07284768211921,99.17155651619879,99.97301672962763,99.9662731871838,5.26297726731531,57.704304635761595,96.96941086031305
88,ok,,0.001,0.1,0.001,0.5,3,6040,6040,6.735027277123384,8.27814569536424,2.06953642384106,0.9448033094314674,8.27814569536424,2.2456790398829622,2.338709677419355,1.116775378845601,9.166666666666666,2.5580627436119876,1.6379310344827587,0.6690549912329428,6.8534482758620685,1.7447879287312493,85.7528332433891,83.70994940978078,5.276668805959902,56.91059602649007,98.91403997635678,99.70318402590394,99.6627318718381,5.129364206861889,62.3158940397351,96.57736171836704
87,ok,,0.001,0.1,0.001,0.25,3,6040,6040,6.745970248186737,8.245033112582782,2.218543046357616,1.1167423018525964,8.245033112582782,2.387879570593037,2.849462365591398,1.4452175900427253,9.35483870967742,2.8320011315440463,1.206896551724138,0.5900491673408376,6.4655172413793105,1.6757536194129694,82.91958985429034,80.37099494097808,5.205644177379471,56.83278145695364,98.83869802136006,99.27145169994603,99.12310286677909,5.065990699113649,61.89635761589404,96.34659382885417
2,ok,,0.1,0.1,0.0,0.5,3,6040,6040,6.723310087231679,7.201986754966887,1.95364238410596,0.9990919993816149,7.201986754966887,2.1064797456249504,2.0967741935483875,1.0603403183639546,7.661290322580645,2.2354896230802126,1.7241379310344827,0.9008834879099323,6.4655172413793105,1.899619080050132,93.49703184025904,92.61382799325463,4.792790750096271,67.42384105960265,99.27094306434226,100.0,100.0,4.746016497279495,70.68774834437086,97.4638922061786
127,ok,,0.0001,0.1,0.001,0.25,3,6040,6040,6.765657125666923,7.185430463576159,2.019867549668874,1.0305879219671301,7.185430463576159,2.1262329797650836,2.231182795698925,1.1688825164147623,7.634408602150537,2.315834819179481,1.6810344827586206,0.80883969293903,6.4655172413793105,1.822216237255792,81.11171073934162,79.15682967959528,4.857391072610113,68.29801324503312,98.98915657497788,99.54128440366972,99.52782462057336,4.715750954949742,73.65099337748345,97.29475199284123
141,ok,,0.0001,0.5,0.01,0.25,3,6040,6040,6.931507382650098,6.7218543046357615,2.4172185430463577,1.0227586452160178,6.7218543046357615,1.9536323642142979,3.790322580645161,1.6027547387431225,10.21505376344086,3.0018927186736675,0.21551724137931033,0.09276490904324627,1.1206896551724137,0.2728011062018598,1.6999460334592553,0.3709949409780776,7.073451756845101,14.152317880794701,43.70571144075649,4.991905018888289,2.563237774030354,6.528338936569245,21.5658940397351,27.14891593165396
1,ok,,0.1,0.1,0.0,0.25,3,6040,6040,6.748512268561051,6.556291390728476,1.8211920529801324,0.7867469496061998,6.556291390728476,1.7954322270726033,2.1236559139784945,0.9691498596468789,7.016129032258064,2.0105539090076987,1.3362068965517242,0.49427331798924895,5.818965517241379,1.450495737073226,91.12250404749057,89.84822934232714,4.7437360872089185,67.53807947019868,99.29839267717891,100.0,100.0,4.7159894081974505,70.03410596026491,97.44584987865848
128,ok,,0.0001,0.1,0.001,0.5,3,6040,6040,6.754738122595791,6.440397350993378,1.903973509933775,0.9232024821777278,6.440397350993378,1.8886023664884461,2.0967741935483875,1.0280981339848572,6.209677419354839,1.9021226437557315,1.5948275862068966,0.7550077301421584,6.810344827586206,1.8669233012150406,84.72746896923907,82.83305227655985,4.751201392136455,71.0115894039735,99.19068768238239,99.78413383702105,99.76391231028667,4.610680915593933,76.5023178807947,97.67507163700844
142,ok,,0.0001,0.5,0.01,0.5,3,6040,6040,6.931502272479267,5.529801324503311,1.7218543046357615,1.036737353442134,5.529801324503311,1.8466613583859894,2.741935483870968,1.6639568484815483,8.521505376344086,2.8916115749415416,0.08620689655172414,0.03102333553410694,0.7327586206896551,0.17113773528829387,1.457096600107933,0.6070826306913997,6.793381064885395,22.264900662251655,34.29083144988041,5.531570426335672,3.811129848229342,6.144732716975874,36.48940397350993,24.552495314670974
121,ok,,0.0001,0.1,0.0,0.25,3,6040,6040,6.7653505040402235,5.397350993377483,1.2748344370860927,0.6052722011469878,5.397350993377483,1.479623030633236,1.021505376344086,0.48145268358053783,4.005376344086022,1.120435606778604,1.6810344827586206,0.8038103931069853,7.629310344827586,2.055561486124284,83.72908796546142,83.035413153457,4.725696768300119,81.02649006622516,99.41248276928441,97.65245547760388,97.53794266441821,4.650219424476531,82.81622516556291,98.10179967079327
158,ok,,0.0001,0.9,0.01,0.5,3,6040,6040,6.931538816309569,5.248344370860927,1.95364238410596,1.0264273905096417,5.248344370860927,1.755520053117091,3.0913978494623655,1.6365515998476516,7.580645161290322,2.641356779736773,0.12931034482758622,0.048124778984901286,1.5086206896551724,0.3351266811234637,1.5110631408526713,0.7082630691399663,6.819143362453804,18.17549668874172,38.320954085420475,4.452239611440906,3.102866779089376,6.215886018599944,38.784437086092716,22.14794837968218
122,ok,,0.0001,0.1,0.0,0.5,3,6040,6040,6.754808250799218,5.1490066225165565,1.2748344370860927,0.5780195235223785,5.1490066225165565,1.407736938358752,1.1021505376344085,0.47375484561690334,3.8172043010752685,1.060403236569029,1.5517241379310345,0.7452025415432266,7.28448275862069,1.9646685636422727,85.69886670264437,85.12647554806071,4.703550913452025,81.61092715231788,99.4391395224638,98.03022126281705,98.11129848229342,4.618631549719537,83.2569536423841,98.15639721501192
89,ok,,0.001,0.3,0.0,0.25,3,6040,6040,6.793988194703067,3.69205298013245,0.7450331125827815,0.29700552300148914,3.69205298013245,0.9091283751406041,0.510752688172043,0.21182961919615667,3.0913978494623655,0.7438927815192864,1.1206896551724137,0.4335806791031428,4.655172413793104,1.1740751028437513,80.41014570966001,81.68634064080945,4.411929724174066,84.71854304635762,99.41900768624251,98.35402050728548,98.75210792580101,4.41130845968981,84.76324503311258,98.25197189570221
133,ok,,0.0001,0.3,0.01,0.25,3,6040,6040,6.931491065322116,3.5596026490066226,0.5298013245033113,0.22358363199192216,3.5596026490066226,0.841634892582566,0.8333333333333334,0.3540623128757732,5.134408602150538,1.2302450814309138,0.04310344827586207,0.014367816091954023,1.0344827586206897,0.21851855529124967,0.8634646519158122,0.4721753794266442,5.501103102113993,43.69039735099338,18.247791672012713,7.852131678359417,7.318718381112984,5.8694077644069935,45.781788079470196,21.263797896454506
155,ok,,0.0001,0.9,0.1,0.25,3,6040,6040,6.9315773139850725,3.47682119205298,1.1920529801324504,0.5371262027418122,3.47682119205298,1.0022894363341814,1.747311827956989,0.803078702837943,4.865591397849462,1.4303388001535504,0.3017241379310345,0.11068512500146468,1.25,0.31593442193415877,1.2142471667566108,0.7082630691399663,6.393563282881697,36.48344370860927,28.355769178046884,3.831624392876417,2.9342327150084317,5.737573004860195,50.76688741721854,15.609494686305025
50,ok,,0.01,0.3,0.0,0.5,3,6040,6040,6.764091582219136,3.4271523178807946,0.6788079470198676,0.2969134107631681,3.4271523178807946,0.8689044586350604,0.564516129032258,0.2597201087941415,2.1505376344086025,0.5840311694224453,0.8620689655172413,0.35655094667902115,5.474137931034482,1.3256840430621846,78.73718294657313,81.14671163575042,4.315357038160754,84.29139072847683,99.34667541773177,95.38586076632488,97.47048903878583,4.341235228906003,86.01688741721854,98.18148469824727
149,ok,,0.0001,0.7,0.01,0.25,3,6040,6040,6.931517552538037,3.377483443708609,0.8609271523178808,0.4526875849538052,3.377483443708609,0.9608585388096699,1.2903225806451613,0.6920178212300874,4.354838709677419,1.318944768082796,0.1724137931034483,0.06893393023493904,1.810344827586207,0.38668579187172636,0.9713977334052887,0.6070826306913997,5.9465798502998455,35.205298013245034,20.42209907126854,3.6157582298974638,2.967959527824621,5.3703826444069085,55.9476821192053,13.407222589591495
129,ok,,0.0001,0.3,0.0,0.25,3,6040,6040,6.8818149205560015,3.3609271523178808,0.8940397350993378,0.36766544658929157,3.3609271523178808,0.8859012670030904,0.8333333333333334,0.34029768557351503,2.9838709677419355,0.7924470195637529,0.9913793103448276,0.4115482358042434,3.9655172413793105,1.0357503189316832,42.60658391797086,42.39460370994941,4.650278223586879,77.96854304635762,96.87553145174468,71.1548839719374,70.69139966273187,4.724777410544618,78.82615894039735,92.82477801574534
49,ok,,0.01,0.3,0.0,0.25,3,6040,6040,6.774104825688595,3.327814569536424,0.728476821192053,0.3261486080793482,3.327814569536424,0.8619186046245647,0.6182795698924731,0.3119916727688698,2.1236559139784945,0.621672090440619,0.9051724137931035,0.3488485215944258,5.258620689655173,1.2471414635746847,75.71505666486779,78.1787521079258,4.319130145608898,85.56622516556291,99.32260834377868,93.7938478143551,96.62731871838112,4.348797932366033,86.63211920529801,98.08784391521337
90,ok,,0.001,0.3,0.0,0.5,3,6040,6040,6.784504111377036,3.2947019867549674,0.6456953642384106,0.26108809679358885,3.2947019867549674,0.8167559510000505,0.456989247311828,0.17799996878662597,2.6881720430107525,0.6406109455488513,0.9482758620689655,0.39431561239096047,4.267241379310345,1.09919535629249,86.29249865083648,85.93591905564925,4.431678636206319,83.9271523178808,99.50064426701056,99.5682676740421,99.62900505902192,4.4261480505448745,84.10430463576158,98.36647760856859
130,ok,,0.0001,0.3,0.0,0.5,3,6040,6040,6.871792023112665,3.245033112582781,0.7119205298013245,0.3599898934701266,3.245033112582781,0.8876453718364175,0.7795698924731183,0.41343601647360245,2.795698924731183,0.8275150188719793,0.603448275862069,0.2742917996886912,3.9655172413793105,0.9840612826242237,50.323799244468425,48.87015177065767,4.667183466261902,79.99834437086093,98.25946304868246,79.03399892066919,78.21247892074199,4.656515432330692,80.7725165562914,95.28068986466555
157,ok,,0.0001,0.9,0.01,0.25,3,6040,6040,6.93155260402632,3.245033112582781,1.009933774834437,0.3871292902529411,3.245033112582781,0.8720003036866063,1.478494623655914,0.568820036429849,4.516129032258064,1.2318111118426531,0.25862068965517243,0.0957975765554853,1.206896551724138,0.295062283712255,0.9983810037776578,0.6070826306913997,6.200527611927747,25.695364238410594,20.28708209003508,3.507825148407987,3.102866779089376,5.479737471821412,54.56225165562913,12.819211658436503
147,ok,,0.0001,0.7,0.1,0.25,3,6040,6040,6.93153434818711,3.245033112582781,0.4139072847682119,0.20782232407455695,3.245033112582781,0.8160858025006089,0.5913978494623656,0.29007013083226674,4.56989247311828,1.1569222567827595,0.12931034482758622,0.07594222013547047,1.1206896551724137,0.26957217753095397,0.809498111171074,0.5396290050590219,5.6322864614295165,45.75,18.96294011661507,4.398273070696169,2.9342327150084317,5.558324707508593,50.89304635761589,19.8331754193767
119,ok,,0.001,0.9,0.001,0.25,3,6040,6040,6.93151040294853,3.2284768211920527,1.6556291390728477,0.9648616183201006,3.2284768211920527,1.3007989748196063,2.5268817204301075,1.50766017484328,4.543010752688172,1.9394112859020807,0.25862068965517243,0.0945122087225895,1.1206896551724137,0.27681716567012143,1.0523475445223962,0.6408094435075885,6.368068278058155,26.8658940397351,32.93264585930963,3.9665407447382623,2.866779089376054,5.387292065251439,56.475827814569534,15.379217865332295
134,ok,,0.0001,0.3,0.01,0.5,3,6040,6040,6.931489638767796,3.0132450331125824,1.0596026490066226,0.4574502214390066,3.0132450331125824,0.8794301176666581,1.6397849462365592,0.7149964665122459,4.112903225806452,1.2430687265226905,0.12931034482758622,0.04448813882157119,1.25,0.29635441725957157,1.430113329735564,0.7419898819561552,6.450051482797616,26.980132450331123,28.477104669537635,7.285483000539665,6.441821247892074,5.984036889901375,45.9658940397351,25.330651318307375
120,ok,,0.001,0.9,0.001,0.5,3,6040,6040,6.931505462440712,2.980132450331126,0.8443708609271523,0.4877988920687953,2.980132450331126,0.9253964464755198,1.021505376344086,0.5901483414609998,3.8440860215053765,1.1628466280292888,0.5603448275862069,0.3236868439054329,1.5948275862068966,0.5446573622599936,0.7555315704263357,0.6070826306913997,5.616944160401124,59.17218543046358,18.767125165453248,3.453858607663249,2.900505902192243,5.295539152936907,65.14602649006622,13.495733581609159
125,ok,,0.0001,0.1,0.01,0.25,3,6040,6040,6.931471878562231,2.9635761589403975,0.04966887417218543,0.027676689799565415,2.9635761589403975,0.6303381122374542,0.026881720430107527,0.026881720430107527,3.790322580645161,0.7928111980435649,0.08620689655172414,0.028951382064385817,1.6379310344827587,0.3698209229276561,0.6475984889368591,0.5733558178752108,4.7479073977847746,72.88741721854305,6.852886700025995,3.696708041014571,3.0016863406408096,5.257046682553738,61.7658940397351,14.65897559900382
29,ok,,0.1,0.7,0.01,0.25,3,6040,6040,6.934449270553114,2.8973509933774833,0.695364238410596,0.2836835040838745,2.8973509933774833,0.7609037780597427,1.021505376344086,0.4039755229849516,3.575268817204301,0.9584928759006709,0.1724137931034483,0.09080147377697512,1.810344827586207,0.4440798797975647,0.9983810037776578,0.7082630691399663,5.7396999669003534,47.62913907284768,17.893299513427618,3.912574203993524,3.237774030354131,5.626415721121119,58.260927152317876,14.2886543208658
22,ok,,0.1,0.5,0.01,0.5,3,6040,6040,6.934141485522892,2.847682119205298,1.0927152317880795,0.40707951629336037,2.847682119205298,0.7806766573104141,1.4516129032258065,0.4983478133483028,3.413978494623656,0.9206840973131412,0.5172413793103449,0.26073552273974565,1.9396551724137931,0.5561819690301799,0.809498111171074,0.6745362563237773,5.079758809943358,71.90397350993378,19.859653971042533,3.4808418780356174,2.7655986509274872,5.311414363280902,71.03476821192054,12.235333247796598
21,ok,,0.1,0.5,0.01,0.25,3,6040,6040,6.934016739184431,2.7980132450331126,0.8278145695364238,0.39008388376277114,2.7980132450331126,0.8125473765512472,1.129032258064516,0.5462800719721389,3.1720430107526885,0.9826499465860682,0.3448275862068966,0.13963137508223303,2.1982758620689653,0.5397967039092068,0.9713977334052887,0.6745362563237773,6.036303256684943,46.79635761589404,21.533694890496534,3.426875337290879,2.9342327150084317,5.560179324265167,63.97913907284768,12.936650294059914
156,ok,,0.0001,0.9,0.1,0.5,3,6040,6040,6.931572824098263,2.6490066225165565,0.5794701986754967,0.28020770700186143,2.6490066225165565,0.709765510117788,0.7526881720430108,0.3603743147075532,3.655913978494624,0.9650232316902893,0.3017241379310345,0.15166469809445907,1.0344827586206897,0.30047295656188056,0.8904479222881814,0.7419898819561552,6.194889059057493,42.602649006622514,19.132914751685792,3.858607663248786,3.136593591905565,5.557777706017964,62.12483443708609,14.581400367807928
17,ok,,0.1,0.5,0.0,0.25,3,6040,6040,6.931343438219727,2.6490066225165565,0.5463576158940397,0.21258155455261407,2.6490066225165565,0.6503933535016048,0.7258064516129032,0.2789549601140873,3.198924731182796,0.8022996178232855,0.25862068965517243,0.10615523184197607,1.767241379310345,0.4068195158823582,4.101457096600107,3.642495784148398,5.4938215224935885,60.53973509933775,60.52092743744031,14.948731786292498,14.232715008431704,5.46027080279631,60.54966887417218,58.52128680135411
15,ok,,0.1,0.3,0.001,0.25,3,6040,6040,6.932851682560078,2.6490066225165565,0.2980132450331126,0.11564803611949377,2.6490066225165565,0.6210826084256502,0.3225806451612903,0.13892792195915904,3.1451612903225805,0.7495765056350132,0.25862068965517243,0.07831994330761667,1.853448275862069,0.41504929048649924,0.62061521856449,0.6745362563237773,4.404577938767664,92.16556291390728,6.840083606667036,3.1030760928224503,2.967959527824621,5.110662607476815,75.8228476821192,10.386692568942058
63,ok,,0.01,0.5,0.001,0.25,3,6040,6040,6.931575521888575,2.6158940397350996,0.4139072847682119,0.16989810485091855,2.6158940397350996,0.6313784236481024,0.5376344086021506,0.1827307109164164,2.6344086021505375,0.6314489017554074,0.21551724137931033,0.1493216847803789,2.586206896551724,0.6312654156484584,0.809498111171074,0.6745362563237773,5.519385604405138,72.6523178807947,12.544773541516573,3.8046411225040475,3.136593591905565,5.385912485425717,70.92682119205298,11.080631633894045
64,ok,,0.01,0.5,0.001,0.5,3,6040,6040,6.931573097141946,2.5165562913907285,0.31456953642384106,0.20046545172125438,2.5165562913907285,0.6536631619084939,0.1881720430107527,0.17473118279569894,2.795698924731183,0.7043041493859963,0.5172413793103449,0.24172902086050707,2.0689655172413794,0.5724629578497401,0.8904479222881814,0.8094435075885328,5.482773329354097,82.23841059602648,9.884272098906767,3.858607663248786,3.2715008431703203,5.453465352642621,70.06523178807947,10.944952729992352
10,ok,,0.1,0.3,0.0,0.5,3,6040,6040,6.802037786646008,2.5,0.4304635761589404,0.20242516745159816,2.5,0.6402351659969181,0.43010752688172044,0.21198204431207437,2.1505376344086025,0.5785935626972589,0.43103448275862066,0.1871012097270415,3.060344827586207,0.73907428852913,49.78413383702105,52.4114671163575,4.275682734542434,82.20364238410596,97.84330549003222,76.47058823529412,79.05564924114671,4.37576667861202,81.4956953642384,96.1799679566263
86,ok,,0.001,0.1,0.01,0.5,3,6040,6040,6.922762290570746,2.5,0.6456953642384106,0.3355836067782043,2.5,0.7274690372007502,0.9408602150537635,0.5012594540256,2.768817204301075,0.893346850406978,0.1724137931034483,0.06993095515738022,2.0689655172413794,0.4614925436114535,1.9427954668105774,1.551433389544688,5.49880977220625,56.52814569536424,52.905144156799786,7.9870480302212625,7.082630691399664,5.426379508471726,64.14437086092715,49.59505312598353
80,ok,,0.01,0.9,0.001,0.5,3,6040,6040,6.931574438617437,2.466887417218543,0.2980132450331126,0.12394404334330963,2.466887417218543,0.5851223034158644,0.3225806451612903,0.14226884305262227,3.118279569892473,0.7327434725359931,0.25862068965517243,0.09456117484389455,1.4224137931034484,0.34841939430945107,0.62061521856449,0.5059021922428331,4.0279656699616835,72.67218543046357,7.09890622652537,3.184025903939557,2.799325463743676,4.656237698834537,71.07516556291391,7.787890521763064
136,ok,,0.0001,0.3,0.001,0.5,3,6040,6040,6.859611838685032,2.367549668874172,0.6622516556291391,0.3827042451509665,2.367549668874172,0.7434838978321399,0.564516129032258,0.38874740682026554,1.7204301075268817,0.6352740858715614,0.8189655172413793,0.37301434799157324,3.405172413793103,0.916992734251688,6.071235833783054,6.340640809443508,4.452968856143813,77.3228476821192,86.21926407709711,21.72153264975715,22.09106239460371,4.556001852811031,82.46225165562913,83.11954283909554
9,ok,,0.1,0.3,0.0,0.25,3,6040,6040,6.811072348064407,2.367549668874172,0.3642384105960265,0.1589777799222953,2.367549668874172,0.5658768889935747,0.34946236559139787,0.1639392612946371,2.0967741935483875,0.5143986831607045,0.3879310344827586,0.15102230117009216,2.8017241379310347,0.6484195293807629,53.34592552617378,53.861720067453625,4.3509001652161166,81.9884105960265,98.42447819855268,86.31948192120885,86.4080944350759,4.383039849288469,80.16324503311259,96.94544939131846
79,ok,,0.01,0.9,0.001,0.25,3,6040,6040,6.931665262246033,2.2019867549668874,0.6125827814569537,0.26271477015362804,2.2019867549668874,0.6128563180876343,0.8333333333333334,0.35207812901685615,2.956989247311828,0.8255598506237934,0.25862068965517243,0.11942524645914154,0.9913793103448276,0.27179720557275844,0.809498111171074,0.5733558178752108,5.492906165289696,64.79966887417218,14.09680180372831,3.669724770642202,2.833052276559865,5.151088443795398,66.46688741721854,10.892641209620901
35,ok,,0.1,0.9,0.1,0.25,3,6040,6040,6.9350658269344025,2.152317880794702,0.5794701986754967,0.32416114066183127,2.152317880794702,0.6388519078984433,0.8602150537634409,0.4955979022496015,2.71505376344086,0.8612531281219719,0.12931034482758622,0.04927116087454471,1.25,0.282243054781406,0.7555315704263357,0.6408094435075885,5.72323821518847,58.21192052980132,15.391485696175733,3.184025903939557,2.866779089376054,4.85786482944211,69.86456953642384,10.377730293928323
135,ok,,0.0001,0.3,0.001,0.25,3,6040,6040,6.8675230682143535,2.152317880794702,0.38079470198675497,0.14859780878440845,2.152317880794702,0.5131050355637365,0.2956989247311828,0.11324006160463122,1.7741935483870968,0.41597064604166717,0.5172413793103449,0.20529212753818907,2.7586206896551726,0.6688550049698133,6.206152185644901,6.543001686340641,4.418946034087063,86.39403973509934,84.44012045325692,21.99136535348084,21.922428330522767,4.584963299343755,82.14735099337749,84.05436045395876
18,ok,,0.1,0.5,0.0,0.5,3,6040,6040,6.931462655423588,2.119205298013245,0.5463576158940397,0.3240694952334017,2.119205298013245,0.6455715575287594,0.7526881720430108,0.4774693234409916,2.1774193548387095,0.7687974211995136,0.21551724137931033,0.07810080517640416,2.025862068965517,0.4479852588842743,2.887209929843497,2.630691399662732,5.781627833967443,58.63079470198676,55.756259259624805,10.064759848893685,9.510961214165262,5.355193446099353,74.08807947019868,48.39409237308489
85,ok,,0.001,0.1,0.01,0.25,3,6040,6040,6.923480739732006,2.119205298013245,0.38079470198675497,0.1592300191726327,2.119205298013245,0.5197759956061958,0.21505376344086022,0.09391702252763595,1.370967741935484,0.3262326479789284,0.646551724137931,0.26395603103443777,3.318965517241379,0.8301127426637106,1.8078791149487319,1.821247892074199,5.195077053853794,89.34437086092714,45.35704784244573,7.852131678359417,7.318718381112984,5.252430380609405,81.00165562913907,46.70111625428095
16,ok,,0.1,0.3,0.001,0.5,3,6040,6040,6.932755220975124,2.019867549668874,0.5960264900662252,0.3315660695021913,2.019867549668874,0.6340710910457009,0.6182795698924731,0.41517523824952446,2.231182795698925,0.7528386040834514,0.5603448275862069,0.19750309202801933,1.6810344827586206,0.443633527036894,0.7285483000539665,0.7082630691399663,5.4398525551117425,76.31291390728477,13.154286870441467,3.3189422558014035,3.237774030354131,5.068023932266839,76.39039735099338,8.792659632915845
148,ok,,0.0001,0.7,0.1,0.5,3,6040,6040,6.931545011730115,1.8543046357615895,0.1986754966887417,0.07050034382643441,1.8543046357615895,0.41093601149796977,0.1881720430107527,0.06191900978780943,2.446236559139785,0.5228987402716786,0.21551724137931033,0.08426006909526411,0.9051724137931035,0.23140956708495386,0.8364813815434431,0.7082630691399663,4.716246032935569,72.33774834437085,8.429447553375468,4.101457096600107,3.136593591905565,5.440574428080771,58.905960264900656,15.202811526402883
65,ok,,0.01,0.7,0.0,0.25,3,6040,6040,6.931478996989143,1.7880794701986755,0.3973509933774834,0.12964001773340086,1.7880794701986755,0.4161671806299277,0.3763440860215054,0.11429200807839777,1.7204301075268817,0.38696999698043294,0.43103448275862066,0.15424975735262994,1.896551724137931,0.46298335441273836,0.8904479222881814,0.9780775716694773,5.217782709213728,83.71523178807946,9.274922167062005,3.6427415002698327,3.608768971332209,5.084965869473382,80.19668874172186,9.302079310091472
74,ok,,0.01,0.9,0.0,0.5,3,6040,6040,6.931532292939815,1.7218543046357615,0.49668874172185434,0.2541066746628823,1.7218543046357615,0.511643103506705,0.6720430107526881,0.3709591706779634,1.8010752688172043,0.6040714627455188,0.21551724137931033,0.06673974139732128,1.5948275862068966,0.3634390102444692,0.9713977334052887,0.775716694772344,5.365059799431316,41.66225165562914,26.903049603624996,3.7506745817593092,3.541315345699832,5.009786631687623,70.77715231788079,13.846301030059582
11,ok,,0.1,0.3,0.1,0.25,3,6040,6040,6.935689649146622,1.7218543046357615,0.2814569536423841,0.13581558631981958,1.7218543046357615,0.4329724196909508,0.2688172043010753,0.15605018038499896,1.8548387096774193,0.4773111642575084,0.3017241379310345,0.10337046135323882,1.5086206896551724,0.36187753616181517,0.7555315704263357,0.7419898819561552,5.179967527111074,71.1771523178808,10.414099742402861,2.9951430113329733,3.170320404721754,4.836987153673804,79.50794701986756,8.049252595436496
105,ok,,0.001,0.7,0.0,0.25,3,6040,6040,6.931503648085219,1.7218543046357615,0.2152317880794702,0.08252647062127824,1.7218543046357615,0.39915736637986904,0.10752688172043011,0.03912565506877979,1.3440860215053763,0.30357053788608956,0.3879310344827586,0.15211743348993959,2.327586206896552,0.552425901723343,0.5936319481921208,0.6745362563237773,4.861616124906478,91.50165562913908,7.582506752466589,2.860226659471128,2.833052276559865,4.521841695080336,84.241059602649,7.2437055387223666
150,ok,,0.0001,0.7,0.01,0.5,3,6040,6040,6.931517813710256,1.705298013245033,0.16556291390728478,0.06446348558644875,1.705298013245033,0.4021801866116237,0.21505376344086022,0.06930456055472516,1.935483870967742,0.45350888202869355,0.08620689655172414,0.056701072275246935,1.3362068965517242,0.3198772784428736,0.809498111171074,0.7082630691399663,4.6142722634866935,87.57450331125828,7.86525607831654,3.6157582298974638,3.57504215851602,5.061001962735135,67.84801324503312,8.705500450164438
113,ok,,0.001,0.9,0.0,0.25,3,6040,6040,6.932621727840535,1.6887417218543046,0.1490066225165563,0.13743427145139042,1.6887417218543046,0.45343506399962363,0.0,0.0,1.747311827956989,0.35418450055335804,0.3879310344827586,0.3578030170544819,1.5948275862068966,0.6125782088358771,0.48569886670264434,0.5396290050590219,3.269165953446711,99.91721854304636,1.8815853683946115,2.8332433890987585,2.967959527824621,4.33229244473702,87.87317880794701,5.897659473905259
38,ok,,0.1,0.9,0.01,0.5,3,6040,6040,6.934020638960526,1.6721854304635762,0.31456953642384106,0.10868668153523754,1.6721854304635762,0.408006914553671,0.3763440860215054,0.12326732217660766,1.6666666666666667,0.3986974298037132,0.21551724137931033,0.08530737843786816,1.6810344827586206,0.42293419182515496,0.7015650296815974,0.6745362563237773,5.280311179760068,74.73509933774835,10.23189938687713,2.941176470588235,3.136593591905565,5.027444223744637,81.0771523178808,8.372503890276118
58,ok,,0.01,0.5,0.0,0.5,3,6040,6040,6.93147504972719,1.6556291390728477,0.13245033112582782,0.07058507794166965,1.6556291390728477,0.38127003262954684,0.10752688172043011,0.06080267492319664,1.6397849462365592,0.3603512807396953,0.1724137931034483,0.08627065519542812,1.6810344827586206,0.41481216928051556,0.5666486778197518,0.6408094435075885,4.1595253664036775,90.79966887417218,8.456737059006091,2.7522935779816518,2.900505902192243,4.300307260870471,85.36258278145695,10.16709500827403
8,ok,,0.1,0.1,0.001,0.5,3,6040,6040,6.932046556868494,1.5397350993377483,0.4635761589403974,0.2466767872579508,1.5397350993377483,0.4744694410464898,0.6182795698924731,0.3441403392844563,1.7204301075268817,0.5726838512768405,0.21551724137931033,0.0903990228016575,1.25,0.3169877142978239,0.7555315704263357,0.8094435075885328,4.9611430093640925,76.09271523178808,12.19247243907976,3.076092822450081,3.0016863406408096,4.8317968213083375,79.85,8.007810709417484
114,ok,,0.001,0.9,0.0,0.5,3,6040,6040,6.932710736618992,1.5231788079470199,0.2980132450331126,0.19356654310645863,1.5231788079470199,0.44297136801202686,0.43010752688172044,0.28955442536937515,1.7741935483870968,0.5588881917577585,0.08620689655172414,0.03965493878833385,1.1206896551724137,0.2571047368335263,0.7555315704263357,0.7419898819561552,5.441967889813508,73.15562913907286,10.46044255386347,3.1570426335671886,3.136593591905565,4.6561908582299285,75.5543046357616,7.903611404458221
40,ok,,0.1,0.9,0.001,0.5,3,6040,6040,6.932999612384812,1.5066225165562912,0.13245033112582782,0.06111101082645734,1.5066225165562912,0.3488046969199747,0.053763440860215055,0.015541119694510101,1.7204301075268817,0.37013722257846227,0.25862068965517243,0.13417997419320032,1.163793103448276,0.31459909543308945,0.7555315704263357,0.7082630691399663,4.364295789043132,90.51821192052981,5.732965306084403,2.860226659471128,2.900505902192243,4.792713938377788,74.83278145695364,9.34606558473674
98,ok,,0.001,0.5,0.0,0.5,3,6040,6040,6.931481616131003,1.5066225165562912,0.3973509933774834,0.21521640756135998,1.5066225165562912,0.4429127948639265,0.5376344086021506,0.3059409764100862,1.532258064516129,0.50429249798019,0.1724137931034483,0.0697442540625404,1.4655172413793103,0.3444936157292279,0.8904479222881814,0.9443507588532885,4.233217494272046,77.67218543046359,11.101081929927881,4.074473826227739,4.249578414839798,4.360787923104087,82.48344370860927,8.070393436043199
26,ok,,0.1,0.7,0.0,0.5,3,6040,6040,6.931474671324259,1.4735099337748345,0.38079470198675497,0.13866680291997266,1.4735099337748345,0.3744004523886242,0.43010752688172044,0.16130641943340032,1.370967741935484,0.3619134703467513,0.3017241379310345,0.10236534885533868,1.6379310344827587,0.39442268221438587,0.8904479222881814,0.8768971332209106,5.609849054147716,75.55794701986756,25.515678443319313,3.1030760928224503,3.0354131534569984,4.902123637741666,80.88609271523178,12.009164492608203
146,ok,,0.0001,0.7,0.0,0.5,3,6040,6040,6.9318240955162835,1.4735099337748345,0.1490066225165563,0.06687838245432694,1.4735099337748345,0.3383403548228382,0.0,0.0,1.2096774193548387,0.244241976022374,0.3879310344827586,0.17411440949316148,1.896551724137931,0.48922223807185866,0.5936319481921208,0.6745362563237773,4.484990873995849,91.25827814569536,5.702059132197002,3.076092822450081,3.0354131534569984,4.610397844681393,81.4314569536424,6.168895227379645
145,ok,,0.0001,0.7,0.0,0.25,3,6040,6040,6.931841171628706,1.4735099337748345,0.13245033112582782,0.06352500312363893,1.4735099337748345,0.34827718461963425,0.0,0.0,1.3978494623655915,0.2894221090136338,0.3448275862068966,0.1653840598563703,1.5948275862068966,0.4426482541258074,0.62061521856449,0.6745362563237773,4.357821624291196,91.25662251655629,5.41880590729793,2.9951430113329733,2.900505902192243,4.703625351641944,76.32748344370862,6.368903123077474
126,ok,,0.0001,0.1,0.01,0.5,3,6040,6040,6.931471857787168,1.4072847682119205,0.24834437086092717,0.10289301015863217,1.4072847682119205,0.3292853738277359,0.16129032258064516,0.05713819574123501,1.0752688172043012,0.2295932775967669,0.3879310344827586,0.17625848844859665,1.9396551724137931,0.4891364936463586,0.7285483000539665,0.8431703204047217,5.327737983920596,82.68377483443709,8.546455763804595,3.3729087965461417,3.57504215851602,4.779417605987868,80.80860927152318,7.4713723929118565
52,ok,,0.01,0.3,0.1,0.5,3,6040,6040,6.9317409279930144,1.4072847682119205,0.0,0.0,1.4072847682119205,0.25899260338227537,0.0,0.0,1.1827956989247312,0.21705740218022365,0.0,0.0,1.767241379310345,0.32623352944763423,1.0253642741500268,1.1129848229342327,5.114438075584924,83.6523178807947,26.96425277637958,3.912574203993524,4.114671163575042,4.736906402282667,86.94139072847682,14.602757572467695
23,ok,,0.1,0.5,0.001,0.25,3,6040,6040,6.932824352964821,1.390728476821192,0.11589403973509935,0.04179005065793897,1.390728476821192,0.31168874953708825,0.026881720430107527,0.007770559847255051,1.1559139784946235,0.24583205871061778,0.25862068965517243,0.0963385445440356,1.767241379310345,0.41728654689677364,0.62061521856449,0.7082630691399663,4.092663251817693,98.92880794701988,3.630094232960368,2.7253103076092824,2.900505902192243,4.477487464614295,90.98013245033113,5.462436546553362
43,ok,,0.01,0.1,0.1,0.25,3,6040,6040,6.9317247630154935,1.3741721854304636,0.0,0.0,1.3741721854304636,0.27837807024699024,0.0,0.0,1.6397849462365592,0.3243341000324625,0.0,0.0,0.9482758620689655,0.20468995352200897,0.48569886670264434,0.5733558178752108,2.7694265725830762,97.76158940397352,24.112015826487653,2.617377226119806,2.596964586846543,4.03747130939415,77.6725165562914,8.095365444697766
138,ok,,0.0001,0.5,0.0,0.5,3,6040,6040,6.931583257631642,1.3576158940397351,0.6456953642384106,0.3377488018077483,1.3576158940397351,0.48085421738033013,0.6989247311827957,0.33921182615999634,1.2096774193548387,0.4365595644966569,0.5603448275862069,0.33540291793259186,1.5948275862068966,0.5518784021765647,0.6475984889368591,0.6070826306913997,5.062003983157285,66.50496688741721,12.20140060906536,2.887209929843497,2.967959527824621,4.241720676089904,81.23841059602648,6.2751077159610364
25,ok,,0.1,0.7,0.0,0.25,3,6040,6040,6.9314742464247585,1.3410596026490065,0.347682119205298,0.19401452967216903,1.3410596026490065,0.3987983658101082,0.24193548387096775,0.15506679130955942,0.913978494623656,0.2933141297777368,0.5172413793103449,0.25646521359842234,2.025862068965517,0.5679368822068415,1.3761467889908259,1.315345699831366,4.924990942024468,82.46026490066225,32.37988011698793,4.425256341068538,4.5531197301854975,4.8461187742250225,83.01622516556291,25.81324536209999
153,ok,,0.0001,0.9,0.0,0.25,3,6040,6040,6.9394752074079395,1.3245033112582782,0.24834437086092717,0.10633601018280017,1.3245033112582782,0.33472955207973654,0.08064516129032258,0.02853780407647448,1.2365591397849462,0.27741160253637115,0.5172413793103449,0.23108140962915003,1.4655172413793103,0.4266359194509947,2.9681597409606044,2.9342327150084317,5.13458833080069,69.86754966887418,44.94879036812595,8.41878035617917,8.397976391231028,4.601558262969966,79.02450331125827,38.052306475897836
6,ok,,0.1,0.1,0.01,0.5,3,6040,6040,6.932233308360784,1.3245033112582782,0.31456953642384106,0.16386708206855877,1.3245033112582782,0.37441695344547193,0.4032258064516129,0.22664634896542887,1.532258064516129,0.46290868342300107,0.1724137931034483,0.06320377480288779,0.9913793103448276,0.23252504158495102,0.5936319481921208,0.6070826306913997,4.078305787219795,82.35596026490066,6.044027836721355,2.7522935779816518,2.7655986509274872,4.0249610783707785,81.90298013245034,5.46635676052678
75,ok,,0.01,0.9,0.1,0.25,3,6040,6040,6.932191525257474,1.3079470198675498,0.033112582781456956,0.01230231778712854,1.3079470198675498,0.2726731173800995,0.026881720430107527,0.009575462019032855,1.1559139784946235,0.23486787771194095,0.04310344827586207,0.016674689967006107,1.5517241379310345,0.33329186374456055,0.62061521856449,0.7419898819561552,4.346315714180672,91.36258278145696,8.824680964459496,2.7522935779816518,2.967959527824621,4.260186000409625,85.85827814569537,8.063851740727213
137,ok,,0.0001,0.5,0.0,0.25,3,6040,6040,6.931586902665894,1.3079470198675498,0.5629139072847682,0.2852220003446364,1.3079470198675498,0.4410093231775109,0.5913978494623656,0.27571227594465414,1.1021505376344085,0.38196164366632107,0.5172413793103449,0.30047035153771123,1.6379310344827587,0.5356892230833841,0.62061521856449,0.6070826306913997,4.6640768225530245,73.26986754966887,10.036176552190012,2.7792768483540202,2.7318718381112985,4.135736855374634,82.19668874172186,6.507625928155736
73,ok,,0.01,0.9,0.0,0.25,3,6040,6040,6.931527084334757,1.2748344370860927,0.24834437086092717,0.11192416029740182,1.2748344370860927,0.3254300950091636,0.1881720430107527,0.10219314154491549,1.3978494623655915,0.35484267927509544,0.3448275862068966,0.1275273455384574,1.0775862068965518,0.27826853747930735,0.8364813815434431,0.775716694772344,4.936144804237967,78.68708609271523,27.37858335828155,3.669724770642202,3.473861720067454,4.799497196996697,75.07152317880794,10.546931150611528
68,ok,,0.01,0.7,0.1,0.5,3,6040,6040,6.9319643875375325,1.2748344370860927,0.0,0.0,1.2748344370860927,0.23127701968917186,0.0,0.0,1.1559139784946235,0.20868316902924985,0.0,0.0,1.4655172413793103,0.2675050905749089,1.268213707501349,1.1804384485666104,4.41645810420275,84.00496688741723,41.796136371861046,2.860226659471128,3.069139966273187,4.659943166873725,78.43112582781457,11.43763352776489
36,ok,,0.1,0.9,0.1,0.5,3,6040,6040,6.934977137201555,1.2582781456953642,0.16556291390728478,0.08345226774943192,1.2582781456953642,0.3127804324277326,0.1881720430107527,0.07277375372936437,1.2365591397849462,0.29736046196926125,0.12931034482758622,0.10057471264367816,1.293103448275862,0.3375055574732125,0.6745817593092283,0.7082630691399663,4.404638702800112,79.53807947019868,5.9688108969403135,3.291958985429034,3.305227655986509,4.850432109887291,81.58046357615895,7.550337705576016
39,ok,,0.1,0.9,0.001,0.25,3,6040,6040,6.93318202139431,1.2582781456953642,0.2152317880794702,0.08700262285389275,1.2582781456953642,0.29458876037887255,0.2956989247311828,0.12005090306605468,1.2903225806451613,0.3199548363485346,0.08620689655172414,0.03401141492749517,1.206896551724138,0.2539155695999318,0.62061521856449,0.6070826306913997,5.074980593462505,73.15397350993378,13.36300799768393,3.0221262817053427,3.136593591905565,4.661906186738,75.30132450331126,7.851804879760582
37,ok,,0.1,0.9,0.01,0.25,3,6040,6040,6.934336621236999,1.2417218543046358,0.38079470198675497,0.15297817007484557,1.2417218543046358,0.3353658530059531,0.4032258064516129,0.12720357934908416,1.424731182795699,0.3443903644635501,0.3448275862068966,0.19430639313511816,0.9482758620689655,0.3208955156687718,0.5936319481921208,0.6745362563237773,4.274636188339455,91.01490066225165,4.0704586852127855,3.264975715056665,3.5075885328836423,4.533648319357183,82.41887417218543,6.575003097964771
32,ok,,0.1,0.7,0.001,0.5,3,6040,6040,6.932922835171965,1.2251655629139073,0.24834437086092717,0.23064034036545356,1.2251655629139073,0.43445089822061217,0.34946236559139787,0.34946236559139787,1.3172043010752688,0.5544633361299998,0.08620689655172414,0.04011536888247384,1.0775862068965518,0.24201716157280115,0.6745817593092283,0.6070826306913997,5.008788444067306,93.34271523178808,8.705147227348942,2.9681597409606044,3.237774030354131,4.783613944218204,81.19900662251655,7.606488180030679
106,ok,,0.001,0.7,0.0,0.5,3,6040,6040,6.931509694123169,1.1920529801324504,0.09933774834437085,0.04882892147338051,1.1920529801324504,0.2806139926429735,0.0,0.0,1.1021505376344085,0.23097565523247193,0.25862068965517243,0.12712357142207684,1.3362068965517242,0.3602064991805019,0.45871559633027525,0.5396290050590219,2.8235966026323984,99.4519867549669,1.3322054548305706,2.7253103076092824,2.866779089376054,4.0239820601176834,82.18907284768213,5.467854091890567
33,ok,,0.1,0.9,0.0,0.25,3,6040,6040,6.931499146326944,1.1589403973509933,0.38079470198675497,0.16506133185365565,1.1589403973509933,0.33847134612879926,0.3763440860215054,0.12799597598012633,1.2096774193548387,0.32104873471104944,0.3879310344827586,0.22449371282328026,1.0775862068965518,0.36640760236760483,1.457096600107933,1.4165261382799326,5.111300731329396,66.79470198675497,27.034201531107406,6.152185644900162,6.3743676222596966,4.60379113351492,80.82417218543047,26.951447270446295
34,ok,,0.1,0.9,0.0,0.5,3,6040,6040,6.931495128330848,1.1589403973509933,0.2317880794701987,0.09921960563373756,1.1589403973509933,0.29212319181844104,0.08064516129032258,0.03349842566825596,0.564516129032258,0.13366193842617846,0.47413793103448276,0.20460011833700978,2.1120689655172415,0.5462076153612068,2.1856449001618996,2.4957841483979766,4.575689016608684,89.6456953642384,38.554333367328695,8.499730167296276,8.870151770657673,4.662788638642205,89.77549668874173,33.77810336565087
13,ok,,0.1,0.3,0.01,0.25,3,6040,6040,6.934017420804352,1.109271523178808,0.2152317880794702,0.09521815983147083,1.109271523178808,0.2748288897171904,0.0,0.0,0.7526881720430108,0.15094168832153954,0.5603448275862069,0.24789555404400163,1.6810344827586206,0.47347560919642356,0.45871559633027525,0.5733558178752108,3.5862260505769545,100.0,2.8100278652335886,2.914193200215866,3.069139966273187,4.056301292313014,86.43278145695365,4.9708678358879155
14,ok,,0.1,0.3,0.01,0.5,3,6040,6040,6.933853148424774,1.109271523178808,0.3973509933774834,0.17119296578566998,1.109271523178808,0.32551632751363246,0.13440860215053765,0.04480286738351254,0.8333333333333334,0.1990527882551681,0.8189655172413793,0.37385295115464656,1.5517241379310345,0.5282940714970324,0.7285483000539665,0.8094435075885328,5.402157370661399,91.12417218543047,8.420399302985349,2.9951430113329733,3.102866779089376,4.491931347853517,87.46920529801324,6.320812620834326
76,ok,,0.01,0.9,0.1,0.5,3,6040,6040,6.9320865285841755,1.109271523178808,0.33112582781456956,0.13260784831068312,1.109271523178808,0.2782138997810836,0.3763440860215054,0.13652788924440507,0.7526881720430108,0.20682025290807957,0.25862068965517243,0.12632226543419797,1.6810344827586206,0.39268991976710715,1.1063140852671345,1.2478920741989883,4.7150385184767725,91.11754966887418,17.048623242521842,4.128440366972478,4.418212478920742,4.594836990280128,88.81158940397351,14.436824328399622
5,ok,,0.1,0.1,0.01,0.25,3,6040,6040,6.932727335894256,1.109271523178808,0.2980132450331126,0.1290175354613539,1.109271523178808,0.291989307663636,0.0,0.0,0.6182795698924731,0.11896786660970757,0.7758620689655172,0.335890480252835,1.896551724137931,0.5694202390087281,0.5666486778197518,0.6745362563237773,4.644919743458934,99.96026490066225,5.12991438650976,2.7253103076092824,3.102866779089376,4.10683328494359,88.89006622516557,4.6868316209538685
24,ok,,0.1,0.5,0.001,0.5,3,6040,6040,6.932897343180486,1.0927152317880795,0.13245033112582782,0.048956184918750666,1.0927152317880795,0.2644774209901242,0.13440860215053765,0.04787731009516427,1.129032258064516,0.27778022925463247,0.12931034482758622,0.05068610489450127,1.0344827586206897,0.2431470560142748,0.5936319481921208,0.5733558178752108,4.424583236786372,91.48178807947019,5.711854184007037,3.076092822450081,3.204047217537943,4.570748456357628,82.79668874172185,6.684128879721096
7,ok,,0.1,0.1,0.001,0.25,3,6040,6040,6.932254204116917,1.0927152317880795,0.33112582781456956,0.15183662579625812,1.0927152317880795,0.3206683812892167,0.3225806451612903,0.14098223642141117,1.1559139784946235,0.32990756030211105,0.3448275862068966,0.169241077724892,0.9913793103448276,0.30585383563061036,0.8634646519158122,0.9443507588532885,4.954005121067538,81.58774834437085,7.580092533192085,3.1570426335671886,3.372681281618887,4.4006907727363185,87.19006622516557,5.654798226538526
143,ok,,0.0001,0.5,0.001,0.25,3,6040,6040,6.9315580470928015,1.0596026490066226,0.1986754966887417,0.10537351430495626,1.0596026490066226,0.2821554969809254,0.24193548387096775,0.13563837923519834,1.1021505376344085,0.3146288812618055,0.12931034482758622,0.056845368813361226,0.9913793103448276,0.2300861049443419,0.5396654074473827,0.5396290050590219,4.215942148311433,73.70529801324504,7.335679013564144,2.671343766864544,2.9342327150084317,4.33075392989997,82.7387417218543,6.312077895445611
31,ok,,0.1,0.7,0.001,0.25,3,6040,6040,6.933019447128802,1.0430463576158941,0.13245033112582782,0.05908313843251766,1.0430463576158941,0.2482037184189815,0.0,0.0,0.7258064516129032,0.1574184270654669,0.3448275862068966,0.15381989488465805,1.5517241379310345,0.39377323731341013,0.5666486778197518,0.6745362563237773,4.552623994809253,99.99668874172185,5.523109172278639,2.9681597409606044,3.136593591905565,4.453453942449388,89.53443708609271,5.9786981748875085
66,ok,,0.01,0.7,0.0,0.5,3,6040,6040,6.931478165491983,1.0264900662251655,0.1490066225165563,0.08338883214753215,1.0264900662251655,0.28736432717754057,0.053763440860215055,0.053763440860215055,0.9946236559139785,0.2810493069554103,0.3017241379310345,0.13089161472891994,1.0775862068965518,0.2974901354647495,0.7555315704263357,0.8094435075885328,4.764016577055216,90.88245033112582,6.619888495200621,2.8062601187263896,3.136593591905565,4.447122072920343,88.63774834437086,8.575642649489135
154,ok,,0.0001,0.9,0.0,0.5,3,6040,6040,6.939461814912028,1.0264900662251655,0.2152317880794702,0.1102802670391641,1.0264900662251655,0.2810657869536924,0.24193548387096775,0.12171865287827546,0.8870967741935484,0.2576382697307146,0.1724137931034483,0.09193940698679584,1.25,0.31863059905260516,3.130059363194819,3.136593591905565,4.893492352184792,80.12913907284768,50.14998700499732,10.388559093362115,10.016863406408094,4.503309156364402,83.31456953642385,38.08639911217264
160,ok,,0.0001,0.9,0.001,0.5,3,6040,6040,6.936205975742261,0.97682119205298,0.13245033112582782,0.05053990131593031,0.97682119205298,0.22873883450573534,0.08064516129032258,0.033144885615575805,0.8602150537634409,0.2048534943591252,0.21551724137931033,0.07843190924925736,1.163793103448276,0.26703774198219654,0.6475984889368591,0.6408094435075885,3.865931936342422,81.29139072847681,6.170921022185816,3.0221262817053427,3.2715008431703203,4.425966627972961,78.98940397350994,7.211401168343956
57,ok,,0.01,0.5,0.0,0.25,3,6040,6040,6.931474863246269,0.9602649006622517,0.13245033112582782,0.06384243884386086,0.9602649006622517,0.2532325756685384,0.026881720430107527,0.007770559847255051,0.8333333333333334,0.20188101258658375,0.3017241379310345,0.15375079654531498,1.163793103448276,0.33557215095512083,0.62061521856449,0.6408094435075885,4.162606113536227,99.05960264900662,11.223363808533705,2.7522935779816518,3.102866779089376,4.034087623089323,92.28973509933775,6.475220229655154
3,ok,,0.1,0.1,0.1,0.25,3,6040,6040,6.9345237783376605,0.9271523178807948,0.1490066225165563,0.0930846401309539,0.9271523178807948,0.2525298040294216,0.0,0.0,0.43010752688172044,0.0917627929104296,0.3879310344827586,0.24234104585817312,1.7241379310344827,0.5103113908236675,0.5666486778197518,0.6408094435075885,3.7664866362896734,99.99503311258277,2.581689767065942,2.617377226119806,3.0354131534569984,3.954392046299833,90.98973509933774,3.665580788889866
44,ok,,0.01,0.1,0.1,0.5,3,6040,6040,6.931690418868639,0.8774834437086093,0.11589403973509935,0.07528826537977097,0.8774834437086093,0.24360854880866406,0.0,0.0,1.129032258064516,0.2495120668467454,0.3017241379310345,0.19600910469561061,0.47413793103448276,0.23414256298898195,0.5936319481921208,0.5396290050590219,4.153810299630467,86.8907284768212,25.95655447099372,20.4533189422558,20.337268128161888,4.530321289925357,77.35397350993377,38.483559402515
97,ok,,0.001,0.5,0.0,0.25,3,6040,6040,6.931480172758775,0.8609271523178808,0.08278145695364239,0.03921280958226386,0.8609271523178808,0.19859176732416137,0.053763440860215055,0.033920954493089114,0.8602150537634409,0.2018080014740486,0.12931034482758622,0.047698025501113045,0.8620689655172413,0.19343470222175607,0.5936319481921208,0.6745362563237773,3.6615473234024707,90.83278145695364,6.285613709563331,2.914193200215866,3.069139966273187,4.124579570324336,85.16953642384107,6.941218832555274
159,ok,,0.0001,0.9,0.001,0.25,3,6040,6040,6.936836925284991,0.8112582781456953,0.04966887417218543,0.01759553709912204,0.8112582781456953,0.1733233551099796,0.053763440860215055,0.020798538023362453,0.5913978494623656,0.12464165119851246,0.04310344827586207,0.012459690789564134,1.163793103448276,0.2513819493128493,0.45871559633027525,0.5059021922428331,3.1687707397693865,90.93543046357617,3.5680888792385956,2.7792768483540202,3.136593591905565,3.6178361248842115,89.31225165562914,4.114464589440159
60,ok,,0.01,0.5,0.1,0.5,3,6040,6040,6.931760598515079,0.7947019867549668,0.18211920529801326,0.08763763022156001,0.7947019867549668,0.21495055201858512,0.21505376344086022,0.10217822568989196,0.8333333333333334,0.23239211206975188,0.12931034482758622,0.06432253748785532,0.7327586206896551,0.186983912626197,0.6475984889368591,0.7082630691399663,4.35524934247985,85.94205298013246,8.17548298093298,2.617377226119806,2.7318718381112985,4.148406181825806,82.6182119205298,6.6701136870825355
30,ok,,0.1,0.7,0.01,0.5,3,6040,6040,6.934162696367477,0.7781456953642384,0.26490066225165565,0.11689388182361793,0.7781456953642384,0.23548080800677587,0.026881720430107527,0.008960573476702509,0.3225806451612903,0.0832678930563774,0.646551724137931,0.2899593590005685,1.5086206896551724,0.4795463440479322,0.8634646519158122,0.9443507588532885,4.557533069084982,90.94039735099338,5.498600158571931,3.0221262817053427,3.440134907251265,3.979192507616738,93.06854304635762,4.2335728361675535
67,ok,,0.01,0.7,0.1,0.25,3,6040,6040,6.9319441382815725,0.728476821192053,0.09933774834437085,0.03827713046510888,0.728476821192053,0.17866270193514075,0.026881720430107527,0.007770559847255051,0.5913978494623656,0.13862546725230948,0.21551724137931033,0.08719283852477107,0.9482758620689655,0.24286033685761155,0.5396654074473827,0.6070826306913997,3.7470411704204865,92.84271523178808,8.507744911935545,2.7792768483540202,3.204047217537943,3.952698816613962,88.70894039735099,6.1212103666126065
124,ok,,0.0001,0.1,0.1,0.5,3,6040,6040,6.9314813712820476,0.6456953642384106,0.6456953642384106,0.23714504959641095,0.6456953642384106,0.23714504959641095,1.021505376344086,0.3754665002289032,1.021505376344086,0.3754665002289032,0.04310344827586207,0.015353758065000955,0.04310344827586207,0.015353758065000955,1.457096600107933,1.4502529510961215,5.678535961887619,59.2135761589404,25.372175231853877,3.7236913113869403,3.541315345699832,4.737285152687192,73.30596026490066,18.211915814315116
144,ok,,0.0001,0.5,0.001,0.5,3,6040,6040,6.931553642779465,0.6456953642384106,0.13245033112582782,0.1105284376415965,0.6456953642384106,0.21441440860585195,0.16129032258064516,0.16129032258064516,0.2688172043010753,0.1839848598159288,0.08620689655172414,0.029134380756570235,1.25,0.2632066161483149,0.62061521856449,0.7419898819561552,3.8263080643427583,91.26986754966887,7.139892574644491,2.698327037236913,3.2715008431703203,3.563449847337415,94.85397350993378,3.3760794351066936
59,ok,,0.01,0.5,0.1,0.25,3,6040,6040,6.93183876518392,0.5960264900662252,0.09933774834437085,0.05173545544053668,0.5960264900662252,0.15111254839268534,0.0,0.0,0.13440860215053765,0.025353767505992143,0.25862068965517243,0.13469058226760414,1.3362068965517242,0.3527602487799693,0.6475984889368591,0.775716694772344,3.936035461251092,99.99834437086092,20.39248965608753,2.887209929843497,3.204047217537943,4.187888495580865,92.8043046357616,5.028074908239932
139,ok,,0.0001,0.5,0.1,0.25,3,6040,6040,6.931515180718355,0.5629139072847682,0.5629139072847682,0.1750219691421245,0.5629139072847682,0.1750219691421245,0.8602150537634409,0.2672149780272275,0.8602150537634409,0.2672149780272275,0.08620689655172414,0.027195247998769722,0.08620689655172414,0.027195247998769722,15.623313545601727,16.728499156829677,5.351325486633822,67.86092715231788,30.379393763933994,41.66216945493794,44.11467116357504,4.685655473210591,82.20529801324503,47.77864235669034
4,ok,,0.1,0.1,0.1,0.5,3,6040,6040,6.934551306779949,0.5463576158940397,0.13245033112582782,0.05350004317986296,0.5463576158940397,0.13738773950073585,0.0,0.0,0.026881720430107527,0.004839551791846576,0.3448275862068966,0.13928459517516045,1.3793103448275863,0.34992190255119615,0.5666486778197518,0.7082630691399663,3.786656563898528,100.0,2.536679354614435,2.2665947112790072,2.7655986509274872,3.4618999156932717,98.15397350993378,3.1994017912267747
51,ok,,0.01,0.3,0.1,0.25,3,6040,6040,6.931815787964342,0.48013245033112584,0.0,0.0,0.48013245033112584,0.10278524260159784,0.0,0.0,0.13440860215053765,0.028542475782536342,0.0,0.0,1.0344827586206897,0.2218296790528517,0.7285483000539665,0.775716694772344,3.697033650323342,93.90231788079471,32.3619925232128,8.823529411764707,9.510961214165262,4.316659873107051,87.2135761589404,26.733183205412058
12,ok,,0.1,0.3,0.1,0.5,3,6040,6040,6.936167404364748,0.2980132450331126,0.09933774834437085,0.03756027752074543,0.2980132450331126,0.08044542851850241,0.0,0.0,0.08064516129032258,0.020083670530202987,0.25862068965517243,0.09778623975228551,0.646551724137931,0.17723238529284457,0.5666486778197518,0.6745362563237773,3.7559940401532823,99.97847682119205,1.902663591731013,2.3205612520237455,2.7655986509274872,3.2662301571284527,97.33476821192053,7.198045156811839
54,ok,,0.01,0.3,0.01,0.5,3,6040,6040,6.931581208814724,0.18211920529801326,0.033112582781456956,0.00957168299065854,0.18211920529801326,0.050127195776974734,0.0,0.0,0.0,0.0,0.08620689655172414,0.024919381579128267,0.47413793103448276,0.13050356141936528,2.239611440906638,2.563237774030354,3.821802244590455,99.98841059602648,3.2727091784197304,36.265515380464116,38.24620573355818,4.4604867992706625,85.71390728476821,43.61132001811624
123,ok,,0.0001,0.1,0.1,0.25,3,6040,6040,6.931472812945417,0.1490066225165563,0.1490066225165563,0.10012314616840497,0.1490066225165563,0.10012314616840497,0.24193548387096775,0.162565538402464,0.24193548387096775,0.162565538402464,0.0,0.0,0.0,0.0,17.485159201295197,18.954468802698145,5.031090894579937,67.2251655629139,71.54887053139143,38.04641122504048,40.70826306913997,4.573560335001284,81.23708609271523,47.45018702934238
140,ok,,0.0001,0.5,0.1,0.5,3,6040,6040,6.931516430189995,0.08278145695364239,0.08278145695364239,0.07056058786660456,0.08278145695364239,0.07056058786660456,0.0,0.0,0.0,0.0,0.21551724137931033,0.18370084082512567,0.21551724137931033,0.18370084082512567,4.452239611440906,4.755480607082631,4.569834403753028,86.63079470198676,67.64928735843945,7.555315704263357,7.959527824620573,4.477372398666741,81.90596026490066,47.08589598076082
20,ok,,0.1,0.5,0.1,0.5,3,6040,6040,6.935970492382761,0.06622516556291391,0.0,0.0,0.06622516556291391,0.01211264118099106,0.0,0.0,0.0,0.0,0.0,0.0,0.1724137931034483,0.03153463479878706,0.404749055585537,0.5059021922428331,1.5285058302149648,100.0,0.16843990880468507,1.834862385321101,2.2934232715008434,1.9744029121885789,100.0,0.3923491784636024
151,ok,,0.0001,0.7,0.001,0.25,3,6040,6040,6.9316709912169525,0.04966887417218543,0.04966887417218543,0.027296561496315506,0.04966887417218543,0.027296561496315506,0.053763440860215055,0.033920954493089114,0.053763440860215055,0.033920954493089114,0.04310344827586207,0.016674689967006107,0.04310344827586207,0.016674689967006107,3.291958985429034,3.541315345699832,3.6708506273922983,87.78311258278146,40.03440276173964,3.453858607663249,3.709949409780776,3.8169498382878353,87.35298013245033,54.22895374327358
152,ok,,0.0001,0.7,0.001,0.5,3,6040,6040,6.931638610313542,0.04966887417218543,0.04966887417218543,0.041390728476821195,0.04966887417218543,0.041390728476821195,0.053763440860215055,0.053763440860215055,0.053763440860215055,0.053763440860215055,0.04310344827586207,0.021551724137931036,0.04310344827586207,0.021551724137931036,2.914193200215866,3.204047217537943,4.215684702866165,84.62251655629139,62.693198404630394,3.1570426335671886,3.473861720067454,3.84378137168258,88.64900662251655,51.738019758983825
112,ok,,0.001,0.7,0.001,0.5,3,6040,6040,6.931493849180546,0.033112582781456956,0.033112582781456956,0.033112582781456956,0.033112582781456956,0.033112582781456956,0.0,0.0,0.0,0.0,0.08620689655172414,0.08620689655172414,0.08620689655172414,0.08620689655172414,12.250404749055585,12.917369308600337,4.701863398746837,83.09105960264901,73.99735110303996,28.17053426875337,29.645868465430013,4.452974017390886,84.40364238410596,47.101521895757045
55,ok,,0.01,0.3,0.001,0.25,3,6040,6040,6.931560020229134,0.016556291390728478,0.016556291390728478,0.0052229284236047805,0.016556291390728478,0.0052229284236047805,0.0,0.0,0.0,0.0,0.04310344827586207,0.013597623999384861,0.04310344827586207,0.013597623999384861,9.417161359956827,10.286677908937605,3.315765969622669,98.24172185430463,11.090807104812106,42.01295196977874,45.227655986509276,4.322076935715037,87.26225165562914,44.50000054831234
19,ok,,0.1,0.5,0.1,0.25,3,6040,6040,6.936210662992169,0.0,0.0,0.0,0.0,0.0,0.0,0.0,0.0,0.0,0.0,0.0,0.0,0.0,3.3729087965461417,4.215851602023609,3.026201668798346,100.0,76.69042723401643,3.426875337290879,4.283305227655986,3.018739960664811,100.0,52.32882817974556
28,ok,,0.1,0.7,0.1,0.5,3,6040,6040,6.935411680288829,0.0,0.0,0.0,0.0,0.0,0.0,0.0,0.0,0.0,0.0,0.0,0.0,0.0,11.305990286022666,12.175379426644183,4.476084680033752,84.65894039735099,79.37607647422,22.665947112790068,24.14839797639123,4.377556216177653,84.99370860927152,46.029219565100576
27,ok,,0.1,0.7,0.1,0.25,3,6040,6040,6.935695936076374,0.0,0.0,0.0,0.0,0.0,0.0,0.0,0.0,0.0,0.0,0.0,0.0,0.0,11.305990286022666,12.175379426644183,4.476084680033752,84.65894039735099,79.37607647422,22.665947112790068,24.14839797639123,4.377556216177653,84.99370860927152,46.029219565100576
47,ok,,0.01,0.1,0.001,0.25,3,6040,6040,6.931509458177812,0.0,0.0,0.0,0.0,0.0,0.0,0.0,0.0,0.0,0.0,0.0,0.0,0.0,11.305990286022666,12.175379426644183,4.476084680033752,84.65894039735099,79.37607647422,22.665947112790068,24.14839797639123,4.377556216177653,84.99370860927152,46.029219565100576
48,ok,,0.01,0.1,0.001,0.5,3,6040,6040,6.931519610753198,0.0,0.0,0.0,0.0,0.0,0.0,0.0,0.0,0.0,0.0,0.0,0.0,0.0,11.305990286022666,12.175379426644183,4.476084680033752,84.65894039735099,79.37607647422,22.665947112790068,24.14839797639123,4.377556216177653,84.99370860927152,46.029219565100576
45,ok,,0.01,0.1,0.01,0.25,3,6040,6040,6.931589359069761,0.0,0.0,0.0,0.0,0.0,0.0,0.0,0.0,0.0,0.0,0.0,0.0,0.0,11.305990286022666,12.175379426644183,4.476084680033752,84.65894039735099,79.37607647422,22.665947112790068,24.14839797639123,4.377556216177653,84.99370860927152,46.029219565100576
56,ok,,0.01,0.3,0.001,0.5,3,6040,6040,6.931531735970272,0.0,0.0,0.0,0.0,0.0,0.0,0.0,0.0,0.0,0.0,0.0,0.0,0.0,11.305990286022666,12.175379426644183,4.476084680033752,84.65894039735099,79.37607647422,22.665947112790068,24.14839797639123,4.377556216177653,84.99370860927152,46.029219565100576
53,ok,,0.01,0.3,0.01,0.25,3,6040,6040,6.931611592344229,0.0,0.0,0.0,0.0,0.0,0.0,0.0,0.0,0.0,0.0,0.0,0.0,0.0,2.5634106853750676,3.0354131534569984,3.8384009667378356,89.88907284768212,71.30228898473389,5.747436589314625,6.779089376053962,3.825440569517655,95.18112582781457,29.863857004525773
46,ok,,0.01,0.1,0.01,0.5,3,6040,6040,6.931554116154112,0.0,0.0,0.0,0.0,0.0,0.0,0.0,0.0,0.0,0.0,0.0,0.0,0.0,11.305990286022666,12.175379426644183,4.476084680033752,84.65894039735099,79.37607647422,22.665947112790068,24.14839797639123,4.377556216177653,84.99370860927152,46.029219565100576
61,ok,,0.01,0.5,0.01,0.25,3,6040,6040,6.931679780552496,0.0,0.0,0.0,0.0,0.0,0.0,0.0,0.0,0.0,0.0,0.0,0.0,0.0,11.305990286022666,12.175379426644183,4.476084680033752,84.65894039735099,79.37607647422,22.665947112790068,24.14839797639123,4.377556216177653,84.99370860927152,46.029219565100576
96,ok,,0.001,0.3,0.001,0.5,3,6040,6040,6.931482271040129,0.0,0.0,0.0,0.0,0.0,0.0,0.0,0.0,0.0,0.0,0.0,0.0,0.0,11.305990286022666,12.175379426644183,4.476084680033752,84.65894039735099,79.37607647422,22.665947112790068,24.14839797639123,4.377556216177653,84.99370860927152,46.029219565100576
95,ok,,0.001,0.3,0.001,0.25,3,6040,6040,6.931483539308255,0.0,0.0,0.0,0.0,0.0,0.0,0.0,0.0,0.0,0.0,0.0,0.0,0.0,11.305990286022666,12.175379426644183,4.476084680033752,84.65894039735099,79.37607647422,22.665947112790068,24.14839797639123,4.377556216177653,84.99370860927152,46.029219565100576
94,ok,,0.001,0.3,0.01,0.5,3,6040,6040,6.931483251425241,0.0,0.0,0.0,0.0,0.0,0.0,0.0,0.0,0.0,0.0,0.0,0.0,0.0,11.305990286022666,12.175379426644183,4.476084680033752,84.65894039735099,79.37607647422,22.665947112790068,24.14839797639123,4.377556216177653,84.99370860927152,46.029219565100576
93,ok,,0.001,0.3,0.01,0.25,3,6040,6040,6.931494855781809,0.0,0.0,0.0,0.0,0.0,0.0,0.0,0.0,0.0,0.0,0.0,0.0,0.0,11.305990286022666,12.175379426644183,4.476084680033752,84.65894039735099,79.37607647422,22.665947112790068,24.14839797639123,4.377556216177653,84.99370860927152,46.029219565100576
92,ok,,0.001,0.3,0.1,0.5,3,6040,6040,6.931498318786938,0.0,0.0,0.0,0.0,0.0,0.0,0.0,0.0,0.0,0.0,0.0,0.0,0.0,11.305990286022666,12.175379426644183,4.476084680033752,84.65894039735099,79.37607647422,22.665947112790068,24.14839797639123,4.377556216177653,84.99370860927152,46.029219565100576
91,ok,,0.001,0.3,0.1,0.25,3,6040,6040,6.9315095091261805,0.0,0.0,0.0,0.0,0.0,0.0,0.0,0.0,0.0,0.0,0.0,0.0,0.0,11.305990286022666,12.175379426644183,4.476084680033752,84.65894039735099,79.37607647422,22.665947112790068,24.14839797639123,4.377556216177653,84.99370860927152,46.029219565100576
84,ok,,0.001,0.1,0.1,0.5,3,6040,6040,6.931489306861434,0.0,0.0,0.0,0.0,0.0,0.0,0.0,0.0,0.0,0.0,0.0,0.0,0.0,11.305990286022666,12.175379426644183,4.476084680033752,84.65894039735099,79.37607647422,22.665947112790068,24.14839797639123,4.377556216177653,84.99370860927152,46.029219565100576
83,ok,,0.001,0.1,0.1,0.25,3,6040,6040,6.931486334543505,0.0,0.0,0.0,0.0,0.0,0.0,0.0,0.0,0.0,0.0,0.0,0.0,0.0,11.305990286022666,12.175379426644183,4.476084680033752,84.65894039735099,79.37607647422,22.665947112790068,24.14839797639123,4.377556216177653,84.99370860927152,46.029219565100576
72,ok,,0.01,0.7,0.001,0.5,3,6040,6040,6.931588853048586,0.0,0.0,0.0,0.0,0.0,0.0,0.0,0.0,0.0,0.0,0.0,0.0,0.0,11.305990286022666,12.175379426644183,4.476084680033752,84.65894039735099,79.37607647422,22.665947112790068,24.14839797639123,4.377556216177653,84.99370860927152,46.029219565100576
71,ok,,0.01,0.7,0.001,0.25,3,6040,6040,6.931582765955153,0.0,0.0,0.0,0.0,0.0,0.0,0.0,0.0,0.0,0.0,0.0,0.0,0.0,11.305990286022666,12.175379426644183,4.476084680033752,84.65894039735099,79.37607647422,22.665947112790068,24.14839797639123,4.377556216177653,84.99370860927152,46.029219565100576
70,ok,,0.01,0.7,0.01,0.5,3,6040,6040,6.931709759957563,0.0,0.0,0.0,0.0,0.0,0.0,0.0,0.0,0.0,0.0,0.0,0.0,0.0,11.305990286022666,12.175379426644183,4.476084680033752,84.65894039735099,79.37607647422,22.665947112790068,24.14839797639123,4.377556216177653,84.99370860927152,46.029219565100576
69,ok,,0.01,0.7,0.01,0.25,3,6040,6040,6.931766236966082,0.0,0.0,0.0,0.0,0.0,0.0,0.0,0.0,0.0,0.0,0.0,0.0,0.0,11.305990286022666,12.175379426644183,4.476084680033752,84.65894039735099,79.37607647422,22.665947112790068,24.14839797639123,4.377556216177653,84.99370860927152,46.029219565100576
78,ok,,0.01,0.9,0.01,0.5,3,6040,6040,6.931820549905548,0.0,0.0,0.0,0.0,0.0,0.0,0.0,0.0,0.0,0.0,0.0,0.0,0.0,11.305990286022666,12.175379426644183,4.476084680033752,84.65894039735099,79.37607647422,22.665947112790068,24.14839797639123,4.377556216177653,84.99370860927152,46.029219565100576
77,ok,,0.01,0.9,0.01,0.25,3,6040,6040,6.931842239565869,0.0,0.0,0.0,0.0,0.0,0.0,0.0,0.0,0.0,0.0,0.0,0.0,0.0,11.305990286022666,12.175379426644183,4.476084680033752,84.65894039735099,79.37607647422,22.665947112790068,24.14839797639123,4.377556216177653,84.99370860927152,46.029219565100576
62,ok,,0.01,0.5,0.01,0.5,3,6040,6040,6.9316715951777095,0.0,0.0,0.0,0.0,0.0,0.0,0.0,0.0,0.0,0.0,0.0,0.0,0.0,11.305990286022666,12.175379426644183,4.476084680033752,84.65894039735099,79.37607647422,22.665947112790068,24.14839797639123,4.377556216177653,84.99370860927152,46.029219565100576
111,ok,,0.001,0.7,0.001,0.25,3,6040,6040,6.931498404855056,0.0,0.0,0.0,0.0,0.0,0.0,0.0,0.0,0.0,0.0,0.0,0.0,0.0,11.305990286022666,12.175379426644183,4.476084680033752,84.65894039735099,79.37607647422,22.665947112790068,24.14839797639123,4.377556216177653,84.99370860927152,46.029219565100576
116,ok,,0.001,0.9,0.1,0.5,3,6040,6040,6.931492907872339,0.0,0.0,0.0,0.0,0.0,0.0,0.0,0.0,0.0,0.0,0.0,0.0,0.0,11.305990286022666,12.175379426644183,4.476084680033752,84.65894039735099,79.37607647422,22.665947112790068,24.14839797639123,4.377556216177653,84.99370860927152,46.029219565100576
115,ok,,0.001,0.9,0.1,0.25,3,6040,6040,6.931504046768568,0.0,0.0,0.0,0.0,0.0,0.0,0.0,0.0,0.0,0.0,0.0,0.0,0.0,11.305990286022666,12.175379426644183,4.476084680033752,84.65894039735099,79.37607647422,22.665947112790068,24.14839797639123,4.377556216177653,84.99370860927152,46.029219565100576
118,ok,,0.001,0.9,0.01,0.5,3,6040,6040,6.931489004633733,0.0,0.0,0.0,0.0,0.0,0.0,0.0,0.0,0.0,0.0,0.0,0.0,0.0,11.305990286022666,12.175379426644183,4.476084680033752,84.65894039735099,79.37607647422,22.665947112790068,24.14839797639123,4.377556216177653,84.99370860927152,46.029219565100576
117,ok,,0.001,0.9,0.01,0.25,3,6040,6040,6.931495052650262,0.0,0.0,0.0,0.0,0.0,0.0,0.0,0.0,0.0,0.0,0.0,0.0,0.0,11.305990286022666,12.175379426644183,4.476084680033752,84.65894039735099,79.37607647422,22.665947112790068,24.14839797639123,4.377556216177653,84.99370860927152,46.029219565100576
108,ok,,0.001,0.7,0.1,0.5,3,6040,6040,6.931484561243493,0.0,0.0,0.0,0.0,0.0,0.0,0.0,0.0,0.0,0.0,0.0,0.0,0.0,11.305990286022666,12.175379426644183,4.476084680033752,84.65894039735099,79.37607647422,22.665947112790068,24.14839797639123,4.377556216177653,84.99370860927152,46.029219565100576
101,ok,,0.001,0.5,0.01,0.25,3,6040,6040,6.931482591569671,0.0,0.0,0.0,0.0,0.0,0.0,0.0,0.0,0.0,0.0,0.0,0.0,0.0,11.305990286022666,12.175379426644183,4.476084680033752,84.65894039735099,79.37607647422,22.665947112790068,24.14839797639123,4.377556216177653,84.99370860927152,46.029219565100576
99,ok,,0.001,0.5,0.1,0.25,3,6040,6040,6.931518603162647,0.0,0.0,0.0,0.0,0.0,0.0,0.0,0.0,0.0,0.0,0.0,0.0,0.0,11.305990286022666,12.175379426644183,4.476084680033752,84.65894039735099,79.37607647422,22.665947112790068,24.14839797639123,4.377556216177653,84.99370860927152,46.029219565100576
100,ok,,0.001,0.5,0.1,0.5,3,6040,6040,6.931509963704342,0.0,0.0,0.0,0.0,0.0,0.0,0.0,0.0,0.0,0.0,0.0,0.0,0.0,11.305990286022666,12.175379426644183,4.476084680033752,84.65894039735099,79.37607647422,22.665947112790068,24.14839797639123,4.377556216177653,84.99370860927152,46.029219565100576
104,ok,,0.001,0.5,0.001,0.5,3,6040,6040,6.931488781549129,0.0,0.0,0.0,0.0,0.0,0.0,0.0,0.0,0.0,0.0,0.0,0.0,0.0,11.305990286022666,12.175379426644183,4.476084680033752,84.65894039735099,79.37607647422,22.665947112790068,24.14839797639123,4.377556216177653,84.99370860927152,46.029219565100576
103,ok,,0.001,0.5,0.001,0.25,3,6040,6040,6.931488880478001,0.0,0.0,0.0,0.0,0.0,0.0,0.0,0.0,0.0,0.0,0.0,0.0,0.0,11.305990286022666,12.175379426644183,4.476084680033752,84.65894039735099,79.37607647422,22.665947112790068,24.14839797639123,4.377556216177653,84.99370860927152,46.029219565100576
102,ok,,0.001,0.5,0.01,0.5,3,6040,6040,6.931489406779594,0.0,0.0,0.0,0.0,0.0,0.0,0.0,0.0,0.0,0.0,0.0,0.0,0.0,11.305990286022666,12.175379426644183,4.476084680033752,84.65894039735099,79.37607647422,22.665947112790068,24.14839797639123,4.377556216177653,84.99370860927152,46.029219565100576
107,ok,,0.001,0.7,0.1,0.25,3,6040,6040,6.931507287678382,0.0,0.0,0.0,0.0,0.0,0.0,0.0,0.0,0.0,0.0,0.0,0.0,0.0,11.305990286022666,12.175379426644183,4.476084680033752,84.65894039735099,79.37607647422,22.665947112790068,24.14839797639123,4.377556216177653,84.99370860927152,46.029219565100576
110,ok,,0.001,0.7,0.01,0.5,3,6040,6040,6.93148343197043,0.0,0.0,0.0,0.0,0.0,0.0,0.0,0.0,0.0,0.0,0.0,0.0,0.0,11.305990286022666,12.175379426644183,4.476084680033752,84.65894039735099,79.37607647422,22.665947112790068,24.14839797639123,4.377556216177653,84.99370860927152,46.029219565100576
109,ok,,0.001,0.7,0.01,0.25,3,6040,6040,6.93148300608164,0.0,0.0,0.0,0.0,0.0,0.0,0.0,0.0,0.0,0.0,0.0,0.0,0.0,11.305990286022666,12.175379426644183,4.476084680033752,84.65894039735099,79.37607647422,22.665947112790068,24.14839797639123,4.377556216177653,84.99370860927152,46.029219565100576
132,ok,,0.0001,0.3,0.1,0.5,3,6040,6040,6.93150203208211,0.0,0.0,0.0,0.0,0.0,0.0,0.0,0.0,0.0,0.0,0.0,0.0,0.0,11.305990286022666,12.175379426644183,4.476084680033752,84.65894039735099,79.37607647422,22.665947112790068,24.14839797639123,4.377556216177653,84.99370860927152,46.029219565100576
131,ok,,0.0001,0.3,0.1,0.25,3,6040,6040,6.931499379304435,0.0,0.0,0.0,0.0,0.0,0.0,0.0,0.0,0.0,0.0,0.0,0.0,0.0,11.440906637884511,12.276559865092748,4.18485566142771,84.9205298013245,77.93227739341081,36.400431732325956,39.0893760539629,4.182759952199549,87.25364238410596,51.220983694287355
